instances,mae,rmse,rmae,rrmse,r2,adjusted_r2
10000.0,3.325721423014443,4.397078246752798,0.8215650813073619,0.8834983715382326,0.21943062748929099,0.21857096959005018
